id;name;disambiguatingDescription;description;longitude;latitude;streetAddress;postalCode;addressLocality;telephone;email;url;image;dateModified3ae339e0-49c4-4ece-a901-4553ebaa68cd;Ferienwohnung Grubi;Hier fühlst du dich Zuhause.;<p class="MsoNormal">Eine Ferienwohnung inmitten der Bergwelt. In unmittelbarer
Nähe zur Skipiste. Mitten im Wanderparadies. Wir freuen uns auf dich.<br>Über den Button gelangst du direkt zum Buchungsportal oder
kannst eine E-Mail für deine Reservationsanfrage an den Vermieter schicken.</p>;8.209498353107207;46.73219305;Grubi 474a;6086;Hasliberg Reuti;+41 33 971 22 51;info@ferien-haslibergreuti.ch;[{'@type': 'ImageObject', 'contentUrl': 'https://jrtagpimtsoch.sos-ch-dk-2.exoscale-cdn.com/catalog/0/4/7/6/047638bdd4cfa5b64e3141547e2933e2372d31e8_Ferienwohnung_Grubi.jpg'}];2026-09-04T15:49:09+02:00
45852ea5-2f44-41be-b1e4-6075d28cbf06;Bergidyll 6 Bett Wohnung;Hier fühlst du dich Zuhause.;<p class="MsoNormal">Eine Ferienwohnung inmitten der Bergwelt. In unmittelbarer
Nähe zur Skipiste. Mitten im Wanderparadies. Wir freuen uns auf dich.&nbsp;</p><p>



</p><p class="MsoNormal">Über den Button gelangst du direkt zum Buchungsportal oder
kannst eine E-Mail für deine Reservationsanfrage an den Vermieter schicken.<o:p></o:p></p>;8.035853106889345;46.625090400000005;Kreuzweg 30;3818;Grindelwald;+41 79 297 00 57;welcome@bergidyll.ch;https://www.bergidyll.ch;[{'@type': 'ImageObject', 'contentUrl': 'https://jrtagpimtsoch.sos-ch-dk-2.exoscale-cdn.com/catalog/c/e/5/6/ce56a0030c1de46fd502b085fef5d94cf396d69d_Bergidyll_Sommer.jpg'}];2026-09-04T15:49:11+02:00
8885db0b-4dfa-4b10-b45d-66d7ffce5197;Gruebenhütte AACB;<p>Die Gruebenh&uuml;tte vom AAC Basel ist eine kleine, gem&uuml;tliche Unterkunft f&uuml;r Alpinisten und Wanderer, die das Einfache sch&auml;tzen. Sie liegt auf einem Felssporn 200 Meter &uuml;ber dem Gruebengletscher und -See und bietet Kletterinnen und Alpinisten eine gut gelegene Unterkunft in urspr&uuml;nglichen und verlassener Umgebung.</p><p>Die H&uuml;tte ist gr&ouml;sstenteils unbewartet. Es besteht kein Telefonanschluss, nur Notfunk.</p>;8.2593064;46.6058833;3864;Guttannen;+41 76 392 09 49;https://gruebenhuette.ch/;[{'@type': 'ImageObject', 'contentUrl': 'https://jrtagpimtsoch.sos-ch-dk-2.exoscale-cdn.com/catalog/0/9/3/d/093dc6bdab0741925321f05eae2bcfe0e9dad4ef_Biwak_Gruebenh__tte_Brigitte_Leuthold.jpg'}];2026-07-13T17:11:47+02:00
a8e192bd-8f9c-4d32-8016-976e71004bff;Camping Sand;Camping für Jahresstellplätze in Grindelwald.;<p>Der Platz liegt am Fusse der Eigernordwand, direkt an einem Quellbach und mitten in &quot;Natur pur&quot;. Neben dem Platz im Talboden, befindet sich die &quot;Landi&quot; (Einkaufen), die Busshaltestelle und der Bahnhof Grund (200m). Im Winter führt die technisch beschneite Skipiste wieder zurück zum Campingplatz.</p><p></p>;8.028098344802858;46.61913946628652;Camping Sand;3818;Grindelwald;+41 79 127 71 59;campingsand@bluewin.ch;https://campingsand.jimdofree.com/;[{'@type': 'ImageObject', 'contentUrl': 'https://jrtagpimtsoch.sos-ch-dk-2.exoscale-cdn.com/catalog/3/a/6/4/3a643c2efc1be4b9f95fce044910b40cba1ab24b_image__1_.jpg'}];2025-10-10T15:03:00+02:00
d1310c87-020a-404b-8877-a34c2ade887e;FeWo Chalet Sunneschyn;2 Zimmer Parterrewohnung in über 100 jährigem Grindelwalder Mehrfamilienhaus an sonniger und ruhiger Lage;<p>1 km vom Dorfkern entfernt. Küche und Bad sind frisch renoviert.<br>Direkte Aussicht zum Eiger und der Eigernordwand, Mettenberg, Wetterhorn und Finsteraarhorn. Nächster ÖV Anschluss (Bus 124) ca. 40m entfernt. Optimaler Ausgangspunkt für Ausflüge oder einfach zum geniessen.</p>;8.0204726;46.6297053;Eschengasse 21;3818;Grindelwald;+41 33 853 45 38;mosercorinne@gmx.ch;[{'@type': 'ImageObject', 'contentUrl': 'https://jrtagpimtsoch.sos-ch-dk-2.exoscale-cdn.com/catalog/3/d/0/6/3d06fb92615f88e794c847f2a241f4f8bfbabec5_FeWo_Chalet_Sunneschyn.jpg'}];2025-10-14T11:18:24+02:00
ee11e409-4b00-430a-9226-8f5352db1f6d;HEIMET, heimelige Ferienwohnung auf dem Bauernhof;Hier fühlst du dich Zuhause.;<p class="MsoNormal">Eine Ferienwohnung inmitten der Bergwelt. In unmittelbarer
Nähe zur Skipiste. Mitten im Wanderparadies. Wir freuen uns auf dich.<o:p></o:p></p><p class="MsoNormal">Über den Button gelangst du direkt zum Buchungsportal oder
kannst eine E-Mail für deine Reservationsanfrage an den Vermieter schicken.</p>;8.103564977645876;46.74556557132895;Linden 63b;3857;Unterbach;+41 76 344 21 45;info@beo-apartments.ch;https://www.beo-apartments.ch;[{'@type': 'ImageObject', 'contentUrl': 'https://jrtagpimtsoch.sos-ch-dk-2.exoscale-cdn.com/catalog/b/3/3/d/b33dff6bf941654a7bc433ca5a6b0b19d8f7a30d_Heimet.jpeg'}];2026-09-04T15:49:30+02:00
