id;name;disambiguatingDescription;description;longitude;latitude;streetAddress;postalCode;addressLocality;telephone;email;url;image;dateModified07f97878-19bb-4176-8864-c8226510616c;Lauteraarhorn;4042 m ü.M.;Ausgangspunkt für den Normalweg auf das Lauteraarhorn sind die Lauteraarhütte und das Aarbiwak, erreichbar vom Grimsel Hospiz. Neben der Normalroute gibt es lange, anspruchsvolle, kombinierte Anstiege über die südliche oder nördliche Ostwandrippe. 

Die Erstbesteigung wurde am 8. August 1842 durch Pierre Jean Édouard Desor, Christian Girard, Arnold Escher von der Linth und den Führern Melchior Bannholzer aus dem Haslital und Jakob Leuthold aus Grindelwald unternommen.;8.128207;46.5832664;Lauteraarhorn;3864;Guttannen;https://bergsteigerschule-rosenlaui.ch/de/contact/formular;[{'@type': 'ImageObject', 'contentUrl': 'https://jrtagpimtsoch.sos-ch-dk-2.exoscale-cdn.com/catalog/f/4/f/0/f4f03b1ce38c3e56b3c155070c64a0e9eaddbee3_csm_Lauteraarh__tte_ffd09c79b2.jpg'}];2026-09-04T15:49:04+02:00
112869a1-66c6-4b0a-9160-bbc9d9638c4d;Digitaler BASE-Jump Infoweg;Folge dem digitalen Weg und lerne mehr über das BASE-Jumping in Lauterbrunnen;<p>smarTrails sind digitale R&auml;tsel- und Erlebniswege, die dir an verschiedenen Orten in der Jungfrau Region kostenlos zur Verf&uuml;gung stehen. Alles, was du f&uuml;r die Teilnahme brauchst, ist ein internetf&auml;higes Smartphone. &Uuml;ber eine virtuelle Karte wirst du zu verschiedenen Posten gef&uuml;hrt. Sobald du dich bei den entsprechenden Koordinaten befindest, werden die digitalen Inhalte auf dem Handydisplay angezeigt. Willkommen auf dem digitalen Infoweg &uuml;ber das BASE-Jumping hier im sch&ouml;nen Lauterbrunnental! Lauterbrunnen ist ein Zufluchtsort f&uuml;r viele und ist nicht nur bei Wanderern und Naturliebhabern beliebt, sondern auch bei Extremsportlern, n&auml;mlich den BASE-Jumpern.</p><p>&nbsp;</p>;7.9074586;46.5970418;Stutzli 460;3822;Lauterbrunnen;+41 33 856 85 68;info@lauterbrunnen.swiss;https://lauterbrunnen.swiss;[{'@type': 'ImageObject', 'contentUrl': 'https://jrtagpimtsoch.sos-ch-dk-2.exoscale-cdn.com/catalog/d/1/0/9/d1091c940c9d3223bc33fc6aec60ab96b003ecd4_27845879_2033239493359343_1437898586_o_j.jpg', 'caption': {'de': 'Bild von: Swissbaseassociation'}}];2026-09-04T15:49:05+02:00
1939d702-66c0-459f-91dd-8eccf41d32c6;Detektiv Trail Muerren;Herzlich Willkommen auf dem Detektiv Trail Mürren, ein Produkt der Jungfrau Region Tourismus in Zusammenarbeit mit Mürren Tourismus und der Jungfraubahn. Löse die Rätsel, finde den Schatz und sichere dir deinen kleinen Sofortpreis. ;<p>Gehe zum Startpunkt der Schatzsuche (Start). Dort wartet bereits das erste R&auml;tsel. Folge anschliessend den Wegbeschreibungen. Dabei kommst du immer wieder an R&auml;tselposten vorbei, wo ein R&auml;tsel auf dich wartet, welches du durch Hinweise an diesem Ort l&ouml;sen kannst. Am Ende wartet eine Schatztruhe. Der Code zur &Ouml;ffnung der Schatztruhe errechnet sich aus den L&ouml;sungen der einzelnen R&auml;tsel. Falls sich die Schatztruhe &ouml;ffnet, kannst du den darin enthaltenen Schatz im Bistro einl&ouml;sen (pro Kind ein Preis)<br><br><strong>Hinweis:</strong> Die Bergbahn f&auml;hrt st&uuml;ndlich ab M&uuml;rren: erste Abfahrt: 08:58 Uhr / letzte Abfahrt: 15:58 Uhr. <br>Die Seilbahn ist wegen Modernisierungsarbeiten bis zum 10. Juli geschlossen.</p>;7.8910160064697275;46.596331282560804;Grütschalp;+41 33 856 86 86;info@muerren.swiss;https://muerren.swiss;[{'@type': 'ImageObject', 'contentUrl': 'https://jrtagpimtsoch.sos-ch-dk-2.exoscale-cdn.com/catalog/7/7/0/e/770e5a81811b6b0443675029bf49ed46593bfd5e_Detektiv_Trail_Gr__tschalp_M__rren.jpg'}];2026-09-04T15:49:07+02:00
359aef67-84fa-4c42-86ce-3f82f0a2e8bc;Jungfrau;4158 m ü. M.;Die Jungfrau ist der höchste Berg des weltberühmten Dreigestirns Eiger, Mönch and Jungfrau.

Vom Jungfraujoch führt eine abwechslungsreiche Route in Firn und Fels auf diesen schönen und imposanten Berg.;7.9679275;46.5788219;Dorfstrasse 103;3818;Grindelwald;+41 33 224 07 07;info@outdoor.ch;https://outdoor.ch/de/;[{'@type': 'ImageObject', 'contentUrl': 'https://jrtagpimtsoch.sos-ch-dk-2.exoscale-cdn.com/catalog/6/2/d/8/62d87eb97a1f61ad66c341acdc08aae4a31f30c1_csm_Jungfrau__9__4745fd7967.jpg'}];2026-09-04T15:49:09+02:00
3c41d7d8-cb5c-4898-b78f-76bf6353c07c;Wo bist du, kleiner Challifloh?;Ein interaktiver Erlebnisweg für die ganze Familie;smarTrails sind digitale Rätsel- und Erlebniswege, die dir an verschiedenen Orten in der Jungfrau Region kostenlos zur Verfügung stehen.

Alles, was du für die Teilnahme brauchst, ist ein internetfähiges Smartphone. Über eine virtuelle Karte wirst du zu verschiedenen Posten geführt. Sobald du dich bei den entsprechenden Koordinaten befindest, werden die digitalen Inhalte auf dem Handydisplay angezeigt.

Dieses interaktive Rätsel-Erlebnis nimmt dich mit auf einen spannenden Spaziergang durch die Gegend oberhalb von Grindelwald.

Begleite Rösi den Sudeten-Mohrenfalter auf einem wunderschönen Rundgang, und erfahre dabei allerlei Spannendes und Lehrreiches über die Natur und die Tiere, die hier leben.

Das Spiel eignet sich besonders für Familien mit Kindern ab 5 Jahren – aber nicht nur. Da es unterwegs knifflige Rätsel zu lösen gibt, macht das Abenteuer auch Erwachsenen Spass.;8.071357011795046;46.63206698198163;Dorfstrasse 110;3818;Grindelwald;+41 33 854 12 12;info@grindelwald.swiss;https://grindelwald.swiss;[{'@type': 'ImageObject', 'contentUrl': 'https://jrtagpimtsoch.sos-ch-dk-2.exoscale-cdn.com/catalog/b/2/9/b/b29b7e8113917ed369e5e4a25d1bb9770e91fc86_kachelbild1.jpeg'}];2026-09-04T15:49:09+02:00
3cd7f689-dffb-4d4f-a168-eb1f663ca9e2;Dorfrundgang Mürren;Geführte Tour auf den Pfaden der Pioniere und Abenteurer;<p>W&auml;hrend des Dorfrundgangs begehst du nicht nur die paar Strassen, die sich durch M&uuml;rren ziehen. Nein, du besuchst auch ein St&uuml;ck der Vergangenheit, die das Bergdorf zu dem gemacht haben, was es heute ist. Erfahre, wie dieses Juwel der Alpen vom Wallis her besiedelt wurde, wer hier f&uuml;r den ersten Alpen-&Uuml;berquerungsflug im Ballon gestartet ist und wie M&uuml;rren zur Wiege des alpinen Skisports wurde. Auf dem gem&uuml;tlichen Spaziergang f&uuml;hrt dich unser englischsprechender Guide innerhalb von ca. einer Stunde durch das Dorf. Der Treffpunkt ist beim Alpinen Sportzentrum in M&uuml;rren.</p><p>&nbsp;</p>;7.895324281060606;46.562483;Höhematte;3825;Mürren;+41 33 856 86 86;info@muerren.swiss;https://muerren.swiss/de/;[{'@type': 'ImageObject', 'contentUrl': 'https://jrtagpimtsoch.sos-ch-dk-2.exoscale-cdn.com/catalog/c/1/7/3/c1730b6e0d0969101c2ed0320f246679db5d117e_image00022.jpeg'}];2026-09-04T15:49:09+02:00
3fb1d29b-6bcd-4bd5-89b1-c04805debe1c;Sustenhorn;3503 m ü.M.;Das Sustenhorn wartet mit einem wunderschönen Panorama auf seine Besucher*innen. Die Besteigung gilt im Sommer als einfache Hochtour, obwohl der Gletscher teilweise spaltenreich ist. Im späten Frühjahr ist das Sustenhorn für viele Skitourengänger*innen der Saisonabschluss. Als Formtest dient die Besteigung von Gwächten- und Sustenhorn ab Hotel Steingletscher in einem Tag. Wer es gemütlich mag, legt einen Halt ein in der Tierberglihütte.

Auf der Berner Seite ist der Aufstieg wenig steil und vergletschert, auf der Urner Seite eignet sich der schöne Ostgrat zum Klettern. Eine weitere Möglichkeit ist die Überschreitung vom Chli Sustenhorn – eine abgelegene Hochtour in wilder Kulisse.;8.455202574806766;46.69890624334866;Sustenhorn;6487;Göschenen;https://bergsteigerschule-rosenlaui.ch/de/contact/formular;[{'@type': 'ImageObject', 'contentUrl': 'https://jrtagpimtsoch.sos-ch-dk-2.exoscale-cdn.com/catalog/2/8/b/c/28bc3b9498b7848c3fe0bbff42c5c7ea5126decd_csm_Sustenhorn_Thomas_Odermatt_7137622867.jpg'}];2026-09-04T15:49:09+02:00
4f02fdb5-828a-478c-aa01-8b7099ed2087;Historischer Dorfrundgang Meiringen;Erfahre Wissenswertes über historische und kulinarische Besonderheiten auf dem geführten Dorfrundgang durch Meiringen.;Der Rundgang führt uns vom Tourist Center am Bahnhof in Meiringen zum Casinoplatz, dem zentralen Platz von Meiringen. Hier erfährst du alles rund um Sherlock Holmes, die englische Kirche und Melchior Anderegg. Weiter führt uns die Tour zur Molki Meiringen, wo wir Haslitaler Köstlichkeiten degustieren können. Vorbei an der Alpbachbrücke gelangen wir in den historischen Kern von Meiringen. Zum Schluss führen wir dich in die Konditorei und Bäckerei Frutal. Hier darfst du die süssen Meringues versuchen.;8.184385347615196;46.72733763136784;Bahnhofplatz 12;3860;Meiringen;+41 33 972 50 50 ;info@haslital.swiss;https://haslital.swiss/de/;[{'@type': 'ImageObject', 'contentUrl': 'https://jrtagpimtsoch.sos-ch-dk-2.exoscale-cdn.com/catalog/b/b/2/1/bb2161534ad37d74d9e746580290c8f8ce5e749a_Dorfrundgang.jpg'}];2026-09-04T15:49:11+02:00
6617e480-5b5b-458b-a4f0-7726b674a2fc;Pioniere im Wandel;Ein digitaler Erlebnisweg;smarTrails sind digitale Rätsel- und Erlebniswege, die dir an verschiedenen Orten in der Jungfrau Region kostenlos zur Verfügung stehen.

Alles, was du für die Teilnahme brauchst, ist ein internetfähiges Smartphone. Über eine virtuelle Karte wirst du zu verschiedenen Posten geführt. Sobald du dich bei den entsprechenden Koordinaten befindest, werden die digitalen Inhalte auf dem Handydisplay angezeigt.

Entdecke heute auf der Wanderung entlang dem Eigergletscher hautnah, welche wirtschaftlichen Entwicklungen und Besonderheiten Grindelwald prägen.

Begebe Dich auf die Spuren des UNESCO-Welterbe Swiss Alps Jungfrau-Aletsch in all seiner Einzigartigkeit, Vielfalt und Inspiration.

Lerne, welche Verpflichtung eine Auszeichnung als Weltnaturerbe mit sich bringt.;7.975430488586427;46.57575848084292;Dorfstrasse 110;3818;Grindelwald;+41 33 854 12 12;info@grindelwald.swiss;https://grindelwald.swiss;[{'@type': 'ImageObject', 'contentUrl': 'https://jrtagpimtsoch.sos-ch-dk-2.exoscale-cdn.com/catalog/1/3/2/0/1320efc5d29ee4b932ed884e956f67cbdc207227_Pioniere_im_Wandel.jpg'}];2026-09-04T15:49:14+02:00
70b720d1-2ba7-4479-a97d-99b908d0e61d;Unterwegs im Wasserschloss Europas;Ein digitaler Erlebnisweg;smarTrails sind digitale Rätsel- und Erlebniswege, die dir an verschiedenen Orten in der Jungfrau Region kostenlos zur Verfügung stehen.

Alles, was du für die Teilnahme brauchst, ist ein internetfähiges Smartphone. Über eine virtuelle Karte wirst du zu verschiedenen Posten geführt. Sobald du dich bei den entsprechenden Koordinaten befindest, werden die digitalen Inhalte auf dem Handydisplay angezeigt.

Entdecke auf der Wanderung von Alpiglen hinunter in die Gletscherschlucht, welche Bedeutung «Wasser» für Grindelwald und das gesamte UNESCO Welterbe Swiss Alps Jungfrau-Aletsch einnimmt und weshalb die Alpen als das Wasserschloss Europas gelten.

Lerne, welche Verpflichtung eine Auszeichnung als Weltnaturerbe mit sich bringt.;8.046197891235353;46.613306642832995;Dorfstrasse 110;3818;Grindelwald;+41 33 854 12 12;info@grindelwald.swiss;https://grindelwald.swiss;[{'@type': 'ImageObject', 'contentUrl': 'https://jrtagpimtsoch.sos-ch-dk-2.exoscale-cdn.com/catalog/4/2/6/4/42641e70c6a9ffa21c2d0b6ebf6ed9338270a0ce_Gletscherschlucht_Grindelwald.jpg'}];2026-09-04T15:49:16+02:00
7665e71a-d3e6-4881-812e-63eb934bab76;Hangendgletscherhorn;3292 m ü.M.;Ein von der Gaulihütte aus einfach erreichbarer Skitourengipfel mit eindrücklichem Tiefblick. Der abwechslungsreiche Aufstieg lohnt sich allerdings auch im Sommer. Das Hangendgletscherhorn kann auch von der Dossenhütte aus bestiegen werden.;8.182625287372087;46.629340831125795;Hangendgletscherhorn;3862;Innertkirchen;https://bergsteigerschule-rosenlaui.ch/de/contact/formular;[{'@type': 'ImageObject', 'contentUrl': 'https://jrtagpimtsoch.sos-ch-dk-2.exoscale-cdn.com/catalog/c/f/e/1/cfe16ed296a5e2c2d36d40d1dde32308f9d8cf35_csm_Gaulih__tte_Winter_Web_c95f7faf9a.jpg'}];2026-09-04T15:49:16+02:00
89504f14-4e64-492e-b8af-bd436674264e;Wendy's Sommer Mystery Trail;Unser Hase Wendy sucht eine Schatzkiste in Wengen. Wir brauchen deine Hilfe!;<p>smarTrails sind digitale R&auml;tsel- und Erlebniswege, die dir an verschiedenen Orten in der Jungfrau Region kostenlos zur Verf&uuml;gung stehen. Alles, was du f&uuml;r die Teilnahme brauchst, ist ein internetf&auml;higes Smartphone. &Uuml;ber eine virtuelle Karte wirst du zu verschiedenen Posten gef&uuml;hrt. Sobald du dich bei den entsprechenden Koordinaten befindest, werden die digitalen Inhalte auf dem Handydisplay angezeigt. Begleite Wendy auf diesem interaktiven R&auml;tsel-Trail und finde die Koordinaten, die dich zum Schatz f&uuml;hren - ein spannendes Erlebnis f&uuml;r Jung und Alt.</p>;7.9217902;46.6059468;Wengiboden 1349b;3823;Wengen;+41 33 856 85 85;info@wengen.swiss;https://wengen.swiss;[{'@type': 'ImageObject', 'contentUrl': 'https://jrtagpimtsoch.sos-ch-dk-2.exoscale-cdn.com/catalog/2/5/5/0/2550e2d230f010aa99feb508d7cdd64cd3559e79_Wendy_Mystery_Trail_Wengen.jpg'}];2026-09-04T15:49:18+02:00
9fbb3813-eb57-4fb7-be0a-6b9686a5ec52;Wanderung im Tal der 72 Wasserfälle;Wandern, wo bereits Goethe und Tolkien inspiriert wurden;smarTrails sind digitale Rätsel- und Erlebniswege, die dir an verschiedenen Orten in der Jungfrau Region kostenlos zur Verfügung stehen.

Alles, was du für die Teilnahme brauchst, ist ein internetfähiges Smartphone. Über eine virtuelle Karte wirst du zu verschiedenen Posten geführt. Sobald du dich bei den entsprechenden Koordinaten befindest, werden die digitalen Inhalte auf dem Handydisplay angezeigt.

Erlebe die faszinierende Landschaft im schönsten Trogtal der Alpen und gehe auf Tuchfühlung mit den Wasserfällen. Bewundere die höchsten, malerischsten und tosendsten Wasserfälle während der Wanderung von Lauterbrunnen nach Stechelberg.

Die Wanderung ist einfach und auch für Kinderwagen geeignet (der Zugang zu den Trümmelbachfällen ist für Kinder unter 4 Jahren nicht erlaubt).;7.9074736;46.597084;Stutzli 460;3822;Lauterbrunnen;+41 33 856 85 68;info@lauterbrunnen.swiss;https://lauterbrunnen.swiss;[{'@type': 'ImageObject', 'contentUrl': 'https://jrtagpimtsoch.sos-ch-dk-2.exoscale-cdn.com/catalog/4/6/3/4/4634b34762ce947255595ef11c22bf7391b3f630_Hintergrund_Lauterbrunnental_Sommer__3_.jpg'}];2026-09-04T15:49:21+02:00
a64928f1-158e-4da2-92fd-910240874512;Diechterhorn;3389 m ü.M.;Das Diechterhorn ist wie geschaffen für Sommer- und Winterbesteigungen. Zuerst von der Hütte über den mittelschweren Diechtergletscher, bis du  die Diechterlimmi auf 3215 m ü. M. – ein Übergang zwischen Tieralplistock und Diechterhorn – erreichst. Der Aufstieg zum Gipfel erfolgt über einen mässig geneigten Firnhang (von der Gelmerhütte aus in vier Stunden). Abstieg wie Aufstieg.;8.3605739;46.6487047;Diechterhorn;3864;Guttannen;https://bergsteigerschule-rosenlaui.ch/de/contact/formular;[{'@type': 'ImageObject', 'contentUrl': 'https://jrtagpimtsoch.sos-ch-dk-2.exoscale-cdn.com/catalog/b/5/c/3/b5c32437e239aeb0a87ecf73858765ad043fa4ec_csm_Gelmerh__tte_007_2c37695463.jpg'}];2026-09-04T15:49:21+02:00
b3400c5e-b988-4ec2-981b-e919884679aa;Szenischer Dorfrundgang Meiringen;Auf den Spuren von Sherlock Holmes;<p>Lassen Sie sich beim szenischen Dorfrundgang vom Schauspieler Lukas Baumann in die Welt von Sherlock Holmes versetzen und besuchen Sie die Schaupl&auml;tze von &laquo;Das letzte Problem&raquo; in Meiringen</p>;8.1842711;46.7273586;Bahnhofplatz 12;3860;Meiringen;+41 33 972 50 50;info@haslital.swiss;https://haslital.swiss;[{'@type': 'ImageObject', 'contentUrl': 'https://jrtagpimtsoch.sos-ch-dk-2.exoscale-cdn.com/catalog/9/9/a/6/99a60a5690573a538b4cb7c7b56df9da4c4c5c6d_IMG_8825.jpg'}];2026-08-24T11:51:14+02:00
b4335bed-4085-4651-871b-4e38fc160661;smarTrail Meiringen;Eine digitale Schnitzeljagd durch Meiringen;smarTrails sind digitale Rätsel- und Erlebniswege, die dir an verschiedenen Orten in der Jungfrau Region kostenlos zur Verfügung stehen.

Alles, was du für die Teilnahme brauchst, ist ein internetfähiges Smartphone. Über eine virtuelle Karte wirst du zu verschiedenen Posten geführt. Sobald du dich bei den entsprechenden Koordinaten befindest, werden die digitalen Inhalte auf dem Handydisplay angezeigt.

Mach dich auf einen gemütlichen Bummel durch Meiringen. Besuche die Highlights und versuche die Rätsel vor Ort zu lösen. So lernst du das Dorf auf eine spielerische Weise besser kennen. Es erwartet dich eine Rundtour, der Start befindet sich beim Bahnhof.;8.184271499234969;46.72737855;Bahnhofplatz 12;3860;Meiringen;+41 33 972 50 50;info@haslital.swiss;https://haslital.swiss;[{'@type': 'ImageObject', 'contentUrl': 'https://jrtagpimtsoch.sos-ch-dk-2.exoscale-cdn.com/catalog/c/4/9/4/c494be1ccc794ea1e4571c2298a0990ef5577b06_Smartrail_Meiringen.jpg'}];2026-09-04T15:49:23+02:00
bdde46e4-cb99-4df4-95e9-b8d6e79eeb6e;Gwächtenhorn;3420 m ü.M.;Eine sehr lohnende Hoch- oder Skitour. Das Gwächtenhorn wird – im Vergleich zum Sustenhorn, seinem bekannteren Nachbarn – selten begangen. 

Der Aufstieg von der Tierberglihütte ist über die vergletscherte Ostflanke oder über den felsigen Westgrat möglich.;8.413367;46.690836;Gwächtenhorn;3863;Innertkirchen;https://bergsteigerschule-rosenlaui.ch/de/contact/formular;[{'@type': 'ImageObject', 'contentUrl': 'https://jrtagpimtsoch.sos-ch-dk-2.exoscale-cdn.com/catalog/f/8/a/3/f8a372ddd13fb718f482ce63bb184390d6f6f52b_csm_Tierberglih__tte_Sustenhorn_Thomas_Odermatt_08bc70abc5.jpg'}];2026-09-04T15:49:23+02:00
c83c48aa-b8b4-457f-a606-e3761e4e23c8;Oberaarhorn;3629 m ü. M.;Das Oberaarhorn befindet sich westlich vom Grimselpass, von wo der Zustieg via Oberaarsee und Oberaargletscher erfolgt. Der Hausberg der Oberaarjochhütte wird gerne als «Sonnenaufgangsgipfel» betitelt.;8.1745239;46.5314515;Oberaarhorn;3984;Fieschertal;https://bergsteigerschule-rosenlaui.ch/de/contact/formular;[{'@type': 'ImageObject', 'contentUrl': 'https://jrtagpimtsoch.sos-ch-dk-2.exoscale-cdn.com/catalog/5/d/9/d/5d9d7bcbacb2aba6857f4e62d79b046a21d35cb6_csm_Oberaarhorh_Willi_77e2e744e2.jpg'}];2026-09-04T15:49:26+02:00
d5cc0dc1-e027-4c08-bd39-88bbd51b239f;Dorfrundgang Wengen;Wann: Jeden Montag 
Treffpunkt: 17.00 Uhr Tourist Center
Anmeldung: bis 14.00 Uhr im Tourist Center oder Telefonisch
Preis: Gratis mit Gästekarte von Wengen / CHF 5.00 ohne Gästekarte;<p>Der Rundgang f&uuml;hrt Sie durch das autofreie Dorf, vorbei an traditionellen Chalets, kleinen Hotels und sonnigen Aussichtspunkten. Unterwegs erfahren Sie Spannendes &uuml;ber die Geschichte des Ortes, die Entwicklung vom Bergbauerndorf zum beliebten Ferienziel und die Bedeutung des Tourismus f&uuml;r die Region.&nbsp;</p><p>Der Dorfrundgang ist ideal f&uuml;r G&auml;ste, die Wengen in ihrem eigenen Tempo entdecken m&ouml;chten &ndash; entspannt, informativ und mit vielen M&ouml;glichkeiten zum Verweilen und Geniessen.</p>;7.9218831;46.6059913;Wengiboden 1349b;3823 ;Wengen BE;+41 33 856 85 85;info@wengen.swiss;https://wengen.swiss/de/;[{'@type': 'ImageObject', 'contentUrl': 'https://jrtagpimtsoch.sos-ch-dk-2.exoscale-cdn.com/catalog/6/4/b/c/64bca6193736644df4b8bf0a28031b22f4e0befe_Dorfstrasse_Bernerhof.jpg'}];2026-08-24T11:53:32+02:00
e7b4cedd-fe0f-400c-9b9e-7174e1dfd84a;Klimawandel hautnah;Exkursion ins UNESCO-Welterbe;smarTrails sind digitale Rätsel- und Erlebniswege, die dir an verschiedenen Orten in der Jungfrau Region kostenlos zur Verfügung stehen.

Alles, was du für die Teilnahme brauchst, ist ein internetfähiges Smartphone. Über eine virtuelle Karte wirst du zu verschiedenen Posten geführt. Sobald du dich bei den entsprechenden Koordinaten befindest, werden die digitalen Inhalte auf dem Handydisplay angezeigt.

Entdecke heute auf der Wanderung von der Pfingstegg auf die Bäregg hautnah, was der Klimawandel für Grindelwald und die Alpen bedeutet.

Begib dich auf die Spuren des UNESCO-Welterbe Swiss Alps Jungfrau-Aletsch in all seiner Einzigartigkeit, Vielfalt und Inspiration.

Lerne, welche Verpflichtung eine Auszeichnung als Weltnaturerbe mit sich bringt.;8.05602550506592;46.61680333257931;Dorfstrasse 110;3818;Grindelwald;+41 33 854 12 12;info@grindelwald.swiss;https://grindelwald.swiss;[{'@type': 'ImageObject', 'contentUrl': 'https://jrtagpimtsoch.sos-ch-dk-2.exoscale-cdn.com/catalog/e/8/1/a/e81a4c137cc50c77bf0e6cf34d2dbb474cd068cd_Pfingstegg.jpg'}];2026-09-04T15:49:30+02:00
eb26cffa-c8b0-40c2-a32f-cf62f79550a7;Die Natur als vergängliche Ressource;Ein digitaler Erlebnisweg;smarTrails sind digitale Rätsel- und Erlebniswege, die dir an verschiedenen Orten in der Jungfrau Region kostenlos zur Verfügung stehen.

Alles, was du für die Teilnahme brauchst, ist ein internetfähiges Smartphone. Über eine virtuelle Karte wirst du zu verschiedenen Posten geführt. Sobald du dich bei den entsprechenden Koordinaten befindest, werden die digitalen Inhalte auf dem Handydisplay angezeigt.

Entdecke auf der Wanderung von der First auf die Grosse Scheidegg und weiter zum Oberen Lauchbühl verschiedene, beispielhafte Traditionen «Original Grindelwald».

Begib dich auf die Spuren des UNESCO-Welterbe Swiss Alps Jungfrau-Aletsch in all seiner Einzigartigkeit, Vielfalt und Inspiration.

Lerne, welche Verpflichtung eine Auszeichnung als Weltnaturerbe mit sich bringt.;8.101939558982851;46.65591621159877;Dorfstrasse 110;3818;Grindelwald;+41 33 854 12 12;info@grindelwald.swiss;https://grindelwald.swiss;[{'@type': 'ImageObject', 'contentUrl': 'https://jrtagpimtsoch.sos-ch-dk-2.exoscale-cdn.com/catalog/c/8/8/3/c8836aa81b30df043689501ef7bb961225f0ad9f_Grosse_Scheidegg.jpg'}];2026-09-04T15:49:30+02:00
f02e3990-ee77-4110-b1bc-8ae805ca80b4;Rosenhorn;3689 m ü.M.;Das Rosenhorn ist im Sommer und im Winter ein beliebtes Ziel für Bergsteiger*innen. Der Gipfel ist von der Dossenhütte oder der Gaulihütte aus erreichbar. Das Rosenhorn ist der tiefste Gipfel des Wetterhorn-Massivs (Mittelhorn und Wetterhorn). 

Abstieg zur Glecksteinhütte, Gaulihütte oder retour zur Dossenhütte.;8.1372459;46.6318799;Rosenhorn;3862;Innertkirchen;https://bergsteigerschule-rosenlaui.ch/de/contact/formular;[{'@type': 'ImageObject', 'contentUrl': 'https://jrtagpimtsoch.sos-ch-dk-2.exoscale-cdn.com/catalog/5/b/0/9/5b0962bde8233f4253a92363d3d35550ef978df4_csm_Rosenhorn_1_Willi_5cefc91f03.jpg'}];2026-09-04T15:49:30+02:00
